"AA","Alcoa Corporation",""
"AAL","American Airlines Group, Inc.",""
"AAP","Advance Auto Parts Inc",""
"AAU","Almaden Minerals, Ltd.",""
"AB","AllianceBernstein Holding L.P.",""
"ABB","ABB Ltd",""
"ABC","AmerisourceBergen Corporation (Holding Co)",""
"ABM","ABM Industries Incorporated",""
"ABR","Arbor Realty Trust",""
"ABT","Abbott Laboratories",""
"AC","Associated Capital Group, Inc.",""
"ACAD","ACADIA Pharmaceuticals Inc.",""
"ACB","Aurora Cannabis Inc.",""
"ACC","American Campus Communities Inc",""
"ACER","Acer Therapeutics Inc.",""
"ACH","Aluminum Corporation of China Limited",""
"ACY","AeroCentury Corp.",""
"ACLS","Axcelis Technologies, Inc.",""
"ACM","AECOM",""
"ACOR","Acorda Therapeutics, Inc.",""
"ACP","Aberdeen Income Credit Strategies Fund",""
"ACRE","Ares Commercial Real Estate Corporation",""
"ACT","AdvisorShares Vice ETF",""
"ACTG","Acacia Research Corporation",""
"ACU","Acme United Corporation.",""
"ACV","AllianzGI Diversified Income & Convertible Fund",""
"ADC","Agree Realty Corporation",""
"ADI","Analog Devices, Inc.",""
"ADM","Archer-Daniels-Midland Company",""
"ADP","Automatic Data Processing, Inc.",""
"ADS","Alliance Data Systems Corporation",""
"ADT","ADT Inc.",""
"AE","Adams Resources & Energy, Inc.",""
"AEF","Aberdeen Emerging Markets Equity Income Fund, Inc.",""
"AER","Aercap Holdings N.V.",""
"AES","The AES Corporation",""
"AFB","Alliance National Municipal Income Fund Inc",""
"AFC","Ares Capital Corporation",""
"AFG","American Financial Group, Inc.",""
"AFGH","American Financial Group, Inc.",""
"AFI","Armstrong Flooring, Inc.",""
"AFL","Aflac Incorporated",""
"AFT","Apollo Senior Floating Rate Fund Inc.",""
"AG","First Majestic Silver Corp.",""
"AGBA","AGBA Acquisition Limited",""
"AGD","Aberdeen Global Dynamic Dividend Fund",""
"AGE","AgeX Therapeutics, Inc.",""
"AGEN","Agenus Inc.",""
"AGIO","Agios Pharmaceuticals, Inc.",""
"AGLE","Aeglea BioTherapeutics, Inc.",""
"AGM","Federal Agricultural Mortgage Corporation",""
"AGO","Assured Guaranty Ltd.",""
"AGR","Avangrid, Inc.",""
"AGS","PlayAGS, Inc.",""
"AHI","Avadim Health, Inc.",""
"AHT","Ashford Hospitality Trust Inc",""
"AI","Arlington Asset Investment Corp",""
"AY","Atlantica Sustainable Infrastructure plc",""
"AIA","iShares Asia 50 ETF",""
"AIC","Arlington Asset Investment Corp",""
"AIF","Apollo Tactical Income Fund Inc.",""
"AIH","Aesthetic Medical International Holdings Group Ltd.",""
"AIM","Hemispherx BioPharma, Inc.",""
"AIN","Albany International Corporation",""
"AIR","AAR Corp.",""
"AIRT","Air T, Inc.",""
"AIT","Applied Industrial Technologies, Inc.",""
"AKER","Akers Biosciences Inc.",""
"AL","Air Lease Corporation",""
"ALB","Albemarle Corporation",""
"ALBO","Albireo Pharma, Inc.",""
"ALC","Alcon Inc.",""
"ALCO","Alico, Inc.",""
"ALE","Allete, Inc.",""
"ALEC","Alector, Inc.",""
"ALEX","Alexander & Baldwin, Inc.",""
"ALG","Alamo Group, Inc.",""
"ALYA","Alithya Group inc.",""
"ALIT","Alight Inc.",""
"ALK","Alaska Air Group, Inc.",""
"ALL","Allstate Corporation ",""
"ALLE","Allegion plc",""
"ALLY","Ally Financial Inc.",""
"ALLO","Allogene Therapeutics, Inc.",""
"ALNA","Allena Pharmaceuticals, Inc.",""
"ALO","Alio Gold Inc.",""
"ALT","Altimmune, Inc.",""
"AM","Antero Midstream Corporation",""
"AMAL","Amalgamated Bank",""
"AMAT","Applied Materials, Inc.",""
"AMBA","Ambarella, Inc.",""
"AMBO","Ambow Education Holding Ltd.",""
"AMC","AMC Entertainment Holdings, Inc.",""
"AMD","Advanced Micro Devices, Inc.",""
"AME","AMTEK, Inc.",""
"AMP","AMERIPRISE FINANCIAL SERVICES, INC.",""
"AMS","American Shared Hospital Services",""
"AMT","American Tower Corporation (REIT)",""
"AN","AutoNation, Inc.",""
"ANAT","American National Insurance Company",""
"ANDA","Andina Acquisition Corp. III",""
"ANDE","The Andersons, Inc.",""
"ANET","Arista Networks, Inc.",""
"ANF","Abercrombie & Fitch Company",""
"ANGI","ANGI Homeservices Inc.",""
"ANGL","VanEck Vectors Fallen Angel High Yield Bond ETF",""
"ANGO","AngioDynamics, Inc.",""
"ANH","Anworth Mortgage Asset  Corporation",""
"ANY","Sphere 3D Corp.",""
"ANTE","AirNet Technology Inc.",""
"AOS","A.O Smith Corporation",""
"AP","Ampco-Pittsburgh Corporation",""
"APA","Apache Corporation",""
"APEX","Apex Global Brands Inc.",""
"APG","APi Group Corporation",""
"APH","Amphenol Corporation",""
"APM","Aptorum Group Limited",""
"APO","Apollo Global Management, Inc",""
"APPS","Digital Turbine, Inc.",""
"APT","Alpha Pro Tech, Ltd.",""
"APTS","Preferred Apartment Communities, Inc.",""
"AQUA","Evoqua Water Technologies Corp.",""
"AR","Antero Resources Corporation",""
"ARA","American Renal Associates Holdings, Inc",""
"ARC","ARC Document Solutions, Inc.",""
"ARCE","Arco Platform Limited",""
"ARCH","Arch Resources, Inc.",""
"ARCO","Arcos Dorados Holdings Inc.",""
"ARD","Ardagh Group S.A.",""
"ARE","Alexandria Real Estate Equities, Inc.",""
"ARES","Ares Management Corporation",""
"ARGO","Argo Group International Holdings, Ltd.",""
"ARI","Apollo Commercial Real Estate Finance",""
"ARYA","ARYA Sciences Acquisition Corp.",""
"ARLO","Arlo Technologies, Inc.",""
"ARNA","Arena Pharmaceuticals, Inc.",""
"AROW","Arrow Financial Corporation",""
"ARR","ARMOUR Residential REIT, Inc.",""
"ASA","ASA Gold and Precious Metals Limited",""
"ASB","Associated Banc-Corp",""
"ASC","Ardmore Shipping Corporation",""
"ASG","Liberty All-Star Growth Fund, Inc.",""
"ASH","Ashland Global Holdings Inc.",""
"ASM","Avino Silver",""
"ASPS","Altisource Portfolio Solutions S.A.",""
"ASR","Grupo Aeroportuario del Sureste, S.A. de C.V.",""
"ASUR","Asure Software Inc",""
"AT","Atlantic Power Corporation",""
"ATCO","Atlas Corp.",""
"ATEN","A10 Networks, Inc.",""
"ATH","Athene Holding Ltd.",""
"ATI","Allegheny Technologies Incorporated",""
"ATO","Atmos Energy Corporation",""
"ATOM","Atomera Incorporated",""
"ATR","AptarGroup, Inc.",""
"ATRS","Antares Pharma, Inc.",""
"ATV","Acorn International, Inc.",""
"AU","AngloGold Ashanti Limited",""
"AUG","Auryn Resources Inc.",""
"AUTO","AutoWeb, Inc.",""
"AVA","Avista Corporation",""
"AVAL","Grupo Aval Acciones y Valores S.A.",""
"AVD","American Vanguard Corporation",""
"AVID","Avid Technology, Inc.",""
"AWK","American Water Works",""
"AX","Axos Financial, Inc.",""
"AXE","Anixter International Inc.",""
"AZO","AutoZone, Inc.",""
"B","Barnes Group, Inc.",""
"BA","Boeing Company",""
"BABA","Alibaba Group Holding Limited",""
"BAC","Bank of America Corporation",""
"BAH","Booz Allen Hamilton Holding Corporation",""
"BAK","Braskem S.A.",""
"BAM","Brookfield Asset Management Inc",""
"BANC","Banc of California, Inc.",""
"BAND","Bandwidth Inc.",""
"BAP","Credicorp Ltd.",""
"BAX","Baxter International Inc.",""
"BB","BlackBerry Limited",""
"BBC","Virtus LifeSci Biotech Clinical Trials ETF",""
"BBL","BHP Group Plc",""
"BBN","BalckRock Taxable Municipal Bond Trust",""
"BC","Brunswick Corporation",""
"BCC","Boise Cascade, L.L.C.",""
"BCE","BCE, Inc.",""
"BCH","Banco De Chile",""
"BCOM","B Communications Ltd.",""
"BCS","Barclays PLC",""
"BDC","Belden Inc",""
"BDL","Flanigan&#39;s Enterprises, Inc.",""
"BE","Bloom Energy Corporation",""
"BEAM","Beam Therapeutics Inc.",""
"BEAT","BioTelemetry, Inc.",""
"BEN","Franklin Resources, Inc.",""
"BEP","Brookfield Renewable Partners L.P.",""
"BEST","BEST Inc.",""
"BFS","Saul Centers, Inc.",""
"BG","Bunge Limited",""
"BH","Biglari Holdings Inc.",""
"BHAT","Blue Hat Interactive Entertainment Technology",""
"BHC","Bausch Health Companies Inc.",""
"BHP","BHP Group Limited",""
"BY","Byline Bancorp, Inc.",""
"BIB","ProShares Ultra Nasdaq Biotechnology",""
"BICK","First Trust BICK Index Fund",""
"BIG","Big Lots, Inc.",""
"BILI","Bilibili Inc.",""
"BILL","Bill.com Holdings, Inc.",""
"BIO","Bio-Rad Laboratories, Inc.",""
"BIOC","Biocept, Inc.",""
"BIOL","Biolase, Inc.",""
"BIS","ProShares UltraShort Nasdaq Biotechnology",""
"BIT","BlackRock Multi-Sector Income Trust",""
"BK","The Bank Of New York Mellon Corporation ",""
"BKT","BlackRock Income Trust Inc. ",""
"BL","BlackLine, Inc.",""
"BLD","TopBuild Corp.",""
"BLDR","Builders FirstSource, Inc.",""
"BLE","BlackRock Municipal Income Trust II",""
"BLK","BlackRock, Inc.",""
"BLL","Ball Corporation",""
"BLUE","bluebird bio, Inc.",""
"BMA","Macro Bank Inc.",""
"BME","Blackrock Health Sciences Trust",""
"BMI","Badger Meter, Inc.",""
"BMO","Bank Of Montreal",""
"BNS","Bank of Nova Scotia ",""
"BOE","Blackrock Global",""
"BOH","Bank of Hawaii Corporation",""
"BOOM","DMC Global Inc.",""
"BOOT","Boot Barn Holdings, Inc.",""
"BOSC","B.O.S. Better Online Solutions",""
"BOX","Box, Inc.",""
"BP","BP p.l.c.",""
"BPT","BP Prudhoe Bay Royalty Trust",""
"BR","Broadridge Financial Solutions, Inc.",""
"BRC","Brady Corporation",""
"BREW","Craft Brew Alliance, Inc.",""
"BRG","Bluerock Residential Growth REIT, Inc.",""
"BRID","Bridgford Foods Corporation",""
"BRN","Barnwell Industries, Inc.",""
"BRO","Brown & Brown, Inc.",""
"BROG","Brooge Energy Limited ",""
"BRT","BRT Apartments Corp.",""
"BSA","BrightSphere Investment Group Inc.",""
"BSAE","Invesco BulletShares 2021 USD Emerging Markets Debt ETF",""
"BSCE","Invesco BulletShares 2023 USD Emerging Markets Debt ETF",""
"BSCM","Invesco BulletShares 2022 Corporate Bond ETF",""
"BSCP","Invesco BulletShares 2025 Corporate Bond ETF",""
"BSD","BlackRock Strategic Municipal Trust Inc. ",""
"BSE","Blackrock New York Municipal Income Quality Trust",""
"BSL","Blackstone GSO Senior Floating Rate Term Fund",""
"BSM","Black Stone Minerals, L.P.",""
"BSMT","Invesco BulletShares 2029 Municipal Bond ETF",""
"BST","BlackRock Science and Technology Trust",""
"BTE","Baytex Energy Corp",""
"BTN","Ballantyne Strong, Inc",""
"BTO","John Hancock Financial Opportunities Fund",""
"BTU","Peabody Energy Corporation",""
"BUD","Anheuser-Busch Inbev SA",""
"BUG","Global X Cybersecurity ETF",""
"BUI","BlackRock Utility, Infrastructure & Power Opportun",""
"BURL","Burlington Stores, Inc.",""
"BV","BrightView Holdings, Inc.",""
"BW","Babcock",""
"BWG","BrandywineGLOBAL Global Income Opportunities Fund ",""
"BX","The Blackstone Group Inc.",""
"BXS","BancorpSouth Bank",""
"C","Citigroup Inc.",""
"CABA","Cabaletta Bio, Inc.",""
"CAC","Camden National Corporation",""
"CACI","CACI International, Inc.",""
"CADE","Cadence Bancorporation",""
"CAE","CAE Inc",""
"CAF","Morgan Stanley China A Share Fund Inc.",""
"CAG","ConAgra Brands, Inc.",""
"CAI","CAI International, Inc.",""
"CAKE","The Cheesecake Factory Incorporated",""
"CAL","Caleres, Inc.",""
"CALM","Cal-Maine Foods, Inc.",""
"CALX","Calix, Inc",""
"CAMP","CalAmp Corp.",""
"CAN","Canaan Inc.",""
"CANF","Can-Fite Biopharma Ltd",""
"CAR","Avis Budget Group, Inc.",""
"CARA","Cara Therapeutics, Inc.",""
"CARE","Carter Bank & Trust",""
"CARR","Carrier Global Corporation",""
"CARS","Cars.com Inc.",""
"CASA","Casa Systems, Inc.",""
"CASH","Meta Financial Group, Inc.",""
"CASI","CASI Pharmaceuticals, Inc.",""
"CASS","Cass Information Systems, Inc",""
"CAT","Caterpillar, Inc.",""
"CATH","Global X S&P 500 Catholic Values ETF",""
"CATY","Cathay General Bancorp",""
"CATO","Cato Corporation ",""
"CATS","Catasys, Inc.",""
"CB","Chubb Limited",""
"CBD","Companhia Brasileira de Distribuicao",""
"CBX","CBX (Listing Market NYSE Networks AE",""
"CC","Chemours Company ",""
"CCC","Clarivate Plc",""
"CCD","Calamos Dynamic Convertible & Income Fund",""
"CCF","Chase Corporation",""
"CCH","Collier Creek Holdings",""
"CCI","Crown Castle International Corporation",""
"CCL","Carnival Corporation",""
"CCM","Concord Medical Services Holdings Limited",""
"CCNC","Code Chain New Continent Limited",""
"CCR","CONSOL Coal Resources LP",""
"CCS","Century Communities, Inc.",""
"CCU","Compania Cervecerias Unidas, S.A.",""
"CDC","VictoryShares US EQ Income Enhanced Volatility Wtd ETF",""
"CDEV","Centennial Resource Development, Inc.",""
"CDR","Cedar Realty Trust, Inc.",""
"CE","Celanese Corporation",""
"CEA","China Eastern Airlines Corporation Ltd.",""
"CECE","CECO Environmental Corp.",""
"CEE","The Central and Eastern Europe Fund, Inc.",""
"CEI","Camber Energy, Inc.",""
"CEN","Center Coast Brookfield MLP & Energy Infrastructur",""
"CENT","Central Garden & Pet Company",""
"CEO","CNOOC Limited",""
"CERN","Cerner Corporation",""
"CET","Central Securities Corporation",""
"CEV","Eaton Vance California Municipal Income Trust",""
"CF","CF Industries Holdings, Inc.",""
"CFA","VictoryShares US 500 Volatility Wtd ETF",""
"CFB","CrossFirst Bankshares, Inc.",""
"CFO","VictoryShares US 500 Enhanced Volatility Wtd ETF",""
"CFR","Cullen/Frost Bankers, Inc.",""
"CG","The Carlyle Group Inc.",""
"CGA","China Green Agriculture, Inc.",""
"CHA","China Telecom Corp Ltd",""
"CHAP","Chaparral Energy, Inc.",""
"CHE","Chemed Corp.",""
"CHEF","The Chefs&#39; Warehouse, Inc.",""
"CHI","Calamos Convertible Opportunities and Income Fund",""
"CHIC","Global X Funds Global X MSCI China Communication Services ETF",""
"CHN","China Fund, Inc. ",""
"CHS","Chico&#39;s FAS, Inc.",""
"CHU","China Unicom (Hong Kong) Ltd",""
"CI","Cigna Corporation",""
"CIA","Citizens, Inc.",""
"CYAN","Cyanotech Corporation",""
"CIB","BanColombia S.A.",""
"CID","VictoryShares International High Div Volatility Wtd ETF",""
"CYD","China Yuchai International Limited",""
"CIF","Colonial Intermediate High Income Fund",""
"CIG","Comp En De Mn Cemig ADS",""
"CII","Blackrock Capital and Income Strategies Fund Inc",""
"CIM","Chimera Investment Corporation",""
"CIO","City Office REIT, Inc.",""
"CIR","CIRCOR International, Inc.",""
"CIT","CIT Group Inc (DEL)",""
"CL","Colgate-Palmolive Company",""
"CLAR","Clarus Corporation",""
"CLI","Mack-Cali Realty Corporation",""
"CLOU","Global X Cloud Computing ETF",""
"CLR","Continental Resources, Inc.",""
"CLS","Celestica, Inc.",""
"CLUB","Town Sports International Holdings, Inc.",""
"CM","Canadian Imperial Bank of Commerce",""
"CMA","Comerica Incorporated",""
"CMC","Commercial Metals Company",""
"CMD","Cantel Medical Corp.",""
"CMG","Chipotle Mexican Grill, Inc.",""
"CMI","Cummins Inc.",""
"CMS","CMS Energy Corporation",""
"CMT","Core Molding Technologies Inc",""
"CMU","Colonial Municipal Income Trust",""
"CNA","CNA Financial Corporation",""
"CNC","Centene Corporation",""
"CNI","Canadian National Railway Company",""
"CNO","CNO Financial Group, Inc.",""
"CNR","Cornerstone Building Brands, Inc.",""
"CNS","Cohen & Steers Inc",""
"CO","Global Cord Blood Corporation",""
"CODA","Coda Octopus Group, Inc.",""
"CODI","Compass Diversified Holdings",""
"COE","China Online Education Group",""
"COG","Cabot Oil & Gas Corporation",""
"COHN","Cohen & Company Inc.",""
"COKE","Coca-Cola Consolidated, Inc.",""
"COLB","Columbia Banking System, Inc.",""
"COLD","Americold Realty Trust",""
"COLL","Collegium Pharmaceutical, Inc.",""
"COMM","CommScope Holding Company, Inc.",""
"CONE","CyrusOne Inc",""
"CONN","Conn&#39;s, Inc.",""
"COO","The Cooper Companies, Inc. ",""
"COOP","Mr. Cooper Group Inc.",""
"COP","ConocoPhillips",""
"COR","CoreSite Realty Corporation",""
"CORE","Core-Mark Holding Company, Inc.",""
"CORR","CorEnergy Infrastructure Trust, Inc.",""
"CORT","Corcept Therapeutics Incorporated",""
"COST","Costco Wholesale Corporation",""
"COTY","Coty Inc.",""
"COUP","Coupa Software Incorporated",""
"COWN","Cowen Inc.",""
"CP","Canadian Pacific Railway Limited",""
"CPA","Copa Holdings, S.A.",""
"CPE","Callon Petroleum Company",""
"CPS","Cooper-Standard Holdings Inc.",""
"CPT","Camden Property Trust",""
"CR","Crane Co.",""
"CRC","California Resources Corporation",""
"CREE","Cree, Inc.",""
"CREG","China Recycling Energy Corporation",""
"CREX","Creative Realities, Inc.",""
"CRI","Carter&#39;s, Inc.",""
"CRY","CryoLife, Inc.",""
"CRIS","Curis, Inc.",""
"CRL","Charles River Laboratories International, Inc.",""
"CRS","Carpenter Technology Corporation",""
"CRT","Cross Timbers Royalty Trust",""
"CRUS","Cirrus Logic, Inc.",""
"CRWD","CrowdStrike Holdings, Inc.",""
"CS","Credit Suisse Group",""
"CSA","VictoryShares US Small Cap Volatility Wtd ETF",""
"CSB","VictoryShares US Small Cap High Div Volatility Wtd ETF",""
"CSF","VictoryShares US Discovery Enhanced Volatility Wtd ETF",""
"CSL","Carlisle Companies Incorporated",""
"CSU","Capital Senior Living Corporation",""
"CTG","Computer Task Group, Incorporated",""
"CTO","CTO Realty Growth, Inc.",""
"CTR","ClearBridge MLP and Midstream Total Return Fund In",""
"CTS","CTS Corporation",""
"CTV","Qwest Corporation",""
"CUB","Cubic Corporation",""
"CUBA","The Herzfeld Caribbean Basin Fund, Inc.",""
"CUBE","CubeSmart",""
"CUBI","Customers Bancorp, Inc",""
"CUE","Cue Biopharma, Inc.",""
"CULP","Culp, Inc.",""
"CVA","Covanta Holding Corporation",""
"CVR","Chicago Rivet & Machine Co.",""
"CW","Curtiss-Wright Corporation",""
"CWT","California Water  Service Group Holding",""
"D","Dominion Energy, Inc.",""
"DAC","Danaos Corporation",""
"DADA","Dada Nexus Limited",""
"DAL","Delta Air Lines, Inc.",""
"DALI","First Trust DorseyWright DALI 1 ETF",""
"DAN","Dana Incorporated",""
"DAO","Youdao, Inc.",""
"DAR","Darling Ingredients Inc.",""
"DARE","Dare Bioscience, Inc.",""
"DAX","Global X DAX Germany ETF",""
"DB","Deutsche Bank AG",""
"DBI","Designer Brands Inc.",""
"DBL","DoubleLine Opportunistic Credit Fund",""
"DCI","Donaldson Company, Inc.",""
"DCO","Ducommun Incorporated",""
"DCP","DCP Midstream LP",""
"DD","DuPont de Nemours, Inc.",""
"DDD","3D Systems Corporation",""
"DDS","Dillard&#39;s, Inc.",""
"DDT","Dillard&#39;s, Inc.",""
"DE","Deere & Company",""
"DEA","Easterly Government Properties, Inc.",""
"DECK","Deckers Outdoor Corporation",""
"DEI","Douglas Emmett, Inc.",""
"DELL","Dell Technologies Inc.",""
"DENN","Denny&#39;s Corporation",""
"DEX","Delaware Enhanced Global Dividend",""
"DFS","Discover Financial Services",""
"DG","Dollar General Corporation",""
"DY","Dycom Industries, Inc.",""
"DIN","Dine Brands Global, Inc.",""
"DINT","Davis Select International ETF",""
"DIS","Walt Disney Company ",""
"DISH","DISH Network Corporation",""
"DIT","AMCON Distributing Company",""
"DK","Delek US Holdings, Inc.",""
"DKL","Delek Logistics Partners, L.P.",""
"DKS","Dick&#39;s Sporting Goods Inc",""
"DL","China Distance Education Holdings Limited",""
"DLA","Delta Apparel, Inc.",""
"DLR","Digital Realty Trust, Inc.",""
"DNI","Dividend and Income Fund",""
"DNR","Denbury Resources Inc.",""
"DOC","Physicians Realty Trust",""
"DOOR","Masonite International Corporation",""
"DORM","Dorman Products, Inc.",""
"DOV","Dover Corporation",""
"DOW","Dow Inc.",""
"DPW","DPW Holdings, Inc.",""
"DQ","DAQO New Energy Corp.",""
"DRAD","Digirad Corporation",""
"DRD","DRDGOLD Limited",""
"DRE","Duke Realty Corporation",""
"DRI","Darden Restaurants, Inc.",""
"DS","Drive Shack Inc.",""
"DSE","Duff & Phelps Select MLP and Midstream Energy Fund",""
"DSM","BNY Mellon Strategic Municipal Bond Fund, Inc.",""
"DSS","Document Security Systems, Inc.",""
"DSSI","Diamond S Shipping Inc.",""
"DSU","Blackrock Debt Strategies Fund, Inc.",""
"DSX","Diana Shipping inc.",""
"DT","Dynatrace, Inc.",""
"DTE","DTE Energy Company",""
"DTF","Duff & Phelps Utilities Tax-Free Income, Inc.",""
"DTP","DTE Energy Company",""
"DTSS","Datasea Inc.",""
"DUC","Duff & Phelps Utility & Corporate Bond Trust, Inc.",""
"DUO","Fangdd Network Group Ltd.",""
"DUSA","Davis Select U.S. Equity ETF",""
"DX","Dynex Capital, Inc.",""
"E","ENI S.p.A.",""
"EA","Electronic Arts Inc.",""
"EAD","Wells Fargo Income Opportunities Fund",""
"EARN","Ellington Residential Mortgage REIT",""
"EARS","Auris Medical Holding Ltd.",""
"EAST","Eastside Distilling, Inc.",""
"EAT","Brinker International, Inc.",""
"EB","Eventbrite, Inc.",""
"EBS","Emergent Biosolutions, Inc.",""
"EC","Ecopetrol S.A.",""
"ECF","Ellsworth Growth and Income Fund Ltd.",""
"ECHO","Echo Global Logistics, Inc.",""
"ECL","Ecolab Inc.",""
"ECOL","US Ecology, Inc.",""
"ECT","ECA Marcellus Trust I",""
"ED","Consolidated Edison Inc",""
"EDD","Morgan Stanley Emerging Markets Domestic Debt Fund, Inc.",""
"EDF","Stone Harbor Emerging Markets Income Fund",""
"EDI","Stone Harbor Emerging Markets Total Income Fund",""
"EDIT","Editas Medicine, Inc.",""
"EDUC","Educational Development Corporation",""
"EE","El Paso Electric Company",""
"EFF","Eaton vance Floating-Rate Income Plus Fund",""
"EFL","Eaton Vance Floating-Rate 2022 Target Term Trust",""
"EFT","Eaton Vance Floating Rate Income Trust",""
"EGAN","eGain Corporation",""
"EGO","Eldorado Gold Corporation",""
"EGP","EastGroup Properties, Inc.",""
"EH","EHang Holdings Limited",""
"EHR","Energy Hunter Resources, Inc.",""
"EYE","National Vision Holdings, Inc.",""
"EYEN","Eyenovia, Inc.",""
"EYES","Second Sight Medical Products, Inc.",""
"EL","Estee Lauder Companies, Inc. ",""
"ELA","Envela Corporation",""
"ELAN","Elanco Animal Health Incorporated",""
"ELAT","Elanco Animal Health Incorporated",""
"ELC","Entergy Louisiana, Inc.",""
"ELF","e.l.f. Beauty, Inc.",""
"ELY","Callaway Golf Company",""
"ELP","Companhia Paranaense de Energia (COPEL)",""
"ELS","Equity Lifestyle Properties, Inc.",""
"ELSE","Electro-Sensors, Inc.",""
"EME","EMCOR Group, Inc.",""
"EMF","Templeton Emerging Markets Fund",""
"EML","Eastern Company (The)",""
"EMP","Entergy Mississippi, LLC",""
"EMR","Emerson Electric Company",""
"ENG","ENGlobal Corporation",""
"ENO","Entergy New Orleans, LLC",""
"ENS","Enersys",""
"ENT","Global Eagle Entertainment Inc.",""
"ENV","Envestnet, Inc",""
"EOD","Wells Fargo Global Dividend Opportunity Fund",""
"EOS","Eaton Vance Enhanced Equity Income Fund II",""
"EOT","Eaton Vance Municipal Income Trust",""
"EPD","Enterprise Products Partners L.P.",""
"EQ","Equillium, Inc.",""
"ERF","Enerplus Corporation",""
"ERI","Eldorado Resorts, Inc.",""
"ERIC","Ericsson",""
"ERIE","Erie Indemnity Company",""
"EROS","Eros International PLC",""
"ES","Eversource Energy",""
"ESCA","Escalade, Incorporated",""
"ESE","ESCO Technologies Inc.",""
"ESI","Element Solutions Inc.",""
"ESP","Espey Mfg. & Electronics Corp.",""
"ESQ","Esquire Financial Holdings, Inc.",""
"ESS","Essex Property Trust, Inc.",""
"ESSA","ESSA Bancorp, Inc.",""
"ESTA","Establishment Labs Holdings Inc.",""
"ESTE","Earthstone Energy, Inc.",""
"ET","Energy Transfer L.P.",""
"ETH","Ethan Allen Interiors Inc.",""
"ETY","Eaton Vance Tax-Managed Diversified Equity Income Fund",""
"ETN","Eaton Corporation, PLC",""
"ETO","Eaton Vance Tax-Advantage Global Dividend Opp",""
"ETON","Eton Pharmaceuticals, Inc.",""
"ETR","Entergy Corporation",""
"ETV","Eaton Vance Corporation",""
"EV","Eaton Vance Corporation",""
"EVA","Enviva Partners, LP",""
"EVER","EverQuote, Inc.",""
"EVG","Eaton Vance Short Diversified Income Fund",""
"EVY","Eaton Vance New York Municipal Income Trust",""
"EW","Edwards Lifesciences Corporation",""
"EXC","Exelon Corporation",""
"EXP","Eagle Materials Inc",""
"EXPO","Exponent, Inc.",""
"EXR","Extra Space Storage Inc",""
"F","Ford Motor Company",""
"FAB","First Trust Multi Cap Value AlphaDEX Fund",""
"FAD","First Trust Multi Cap Growth AlphaDEX Fund",""
"FAM","First Trust/Aberdeen Global Opportunity Income Fund",""
"FANG","Diamondback Energy, Inc.",""
"FARM","Farmer Brothers Company",""
"FARO","FARO Technologies, Inc.",""
"FAST","Fastenal Company",""
"FAT","FAT Brands Inc.",""
"FATE","Fate Therapeutics, Inc.",""
"FAX","Aberdeen Asia-Pacific Income Fund Inc",""
"FB","Facebook, Inc.",""
"FC","Franklin Covey Company",""
"FCA","First Trust China AlphaDEX Fund",""
"FCAP","First Capital, Inc.",""
"FCFS","FirstCash, Inc.",""
"FCO","Aberdeen Global Income Fund, Inc.",""
"FCT","First Trust Senior Floating Rate Income Fund II",""
"FDP","Fresh Del Monte Produce, Inc.",""
"FDX","FedEx Corporation",""
"FE","FirstEnergy Corp.",""
"FELE","Franklin Electric Co., Inc.",""
"FEM","First Trust Emerging Markets AlphaDEX Fund",""
"FEMS","First Trust Emerging Markets Small Cap AlphaDEX Fund",""
"FEN","First Trust Energy Income and Growth Fund",""
"FEP","First Trust Europe AlphaDEX Fund",""
"FET","Forum Energy Technologies, Inc.",""
"FF","FutureFuel Corp.",""
"FFA","First Trust",""
"FFC","Flaherty & Crumrine Preferred and Income Securitie",""
"FGB","First Trust Specialty Finance and Financial Opportunities Fund",""
"FI","Frank&#39;s International N.V.",""
"FICO","Fair Isaac Corporation",""
"FID","First Trust S&P International Dividend Aristocrats ETF",""
"FINS","Angel Oak Financial Strategies Income Term Trust",""
"FIT","Fitbit, Inc.",""
"FIVE","Five Below, Inc.",""
"FIX","Comfort Systems USA, Inc.",""
"FIZZ","National Beverage Corp.",""
"FL","Foot Locker, Inc.",""
"FLAT","Barclays PLC",""
"FLEX","Flex Ltd.",""
"FLY","Fly Leasing Limited",""
"FLIC","The First of Long Island Corporation",""
"FLL","Full House Resorts, Inc.",""
"FLN","First Trust Latin America AlphaDEX Fund",""
"FLO","Flowers Foods, Inc.",""
"FLOW","SPX FLOW, Inc.",""
"FLS","Flowserve Corporation",""
"FLT","FleetCor Technologies, Inc.",""
"FLUX","Flux Power Holdings, Inc.",""
"FMB","First Trust Managed Municipal ETF",""
"FMC","FMC Corporation",""
"FMK","First Trust Mega Cap AlphaDEX Fund",""
"FMN","Federated Premier Municipal Income Fund",""
"FMS","Fresenius Medical Care Corporation",""
"FN","Fabrinet",""
"FOE","Ferro Corporation",""
"FOLD","Amicus Therapeutics, Inc.",""
"FOR","Forestar Group Inc",""
"FORD","Forward Industries, Inc.",""
"FORK","Fuling Global Inc.",""
"FORM","FormFactor, Inc.",""
"FORTY","Formula Systems (1985) Ltd.",""
"FOUR","Shift4 Payments, Inc.",""
"FOX","Fox Corporation",""
"FPA","First Trust Asia Pacific Ex-Japan AlphaDEX Fund",""
"FR","First Industrial Realty Trust, Inc.",""
"FRA","Blackrock Floating Rate Income Strategies Fund Inc",""
"FRAN","Francesca&#39;s Holdings Corporation",""
"FRC","FIRST REPUBLIC BANK",""
"FRD","Friedman Industries Inc.",""
"FREQ","Frequency Therapeutics, Inc.",""
"FRG","Franchise Group, Inc.",""
"FRO","Frontline Ltd.",""
"FRT","Federal Realty Investment Trust",""
"FSK","FS KKR Capital Corp.",""
"FSS","Federal Signal Corporation",""
"FT","Franklin Universal Trust",""
"FTC","First Trust Large Cap Growth AlphaDEX Fund",""
"FTS","Fortis Inc.",""
"FUL","H. B. Fuller Company",""
"FUN","Cedar Fair, L.P.",""
"FUND","Sprott Focus Trust, Inc.",""
"FV","First Trust Dorsey Wright Focus 5 ETF",""
"G","Genpact Limited",""
"GAB","Gabelli Equity Trust, Inc. ",""
"GAIA","Gaia, Inc.",""
"GAIN","Gladstone Investment Corporation",""
"GALT","Galectin Therapeutics Inc.",""
"GAM","General American Investors, Inc.",""
"GAN","GAN Limited",""
"GARS","Garrison Capital Inc.",""
"GASS","StealthGas, Inc.",""
"GAU","Galiano Gold Inc.",""
"GBT","Global Blood Therapeutics, Inc.",""
"GCI","Gannett Co., Inc.",""
"GD","General Dynamics Corporation",""
"GDP","Goodrich Petroleum Corporation",""
"GDS","GDS Holdings Limited",""
"GE","General Electric Company",""
"GEL","Genesis Energy, L.P.",""
"GENE","Genetic Technologies Ltd",""
"GENY","Principal Millennials Index ETF",""
"GEO","Geo Group Inc ",""
"GER","Goldman Sachs MLP Energy Renaissance Fund",""
"GES","Guess?, Inc.",""
"GH","Guardant Health, Inc.",""
"GIB","CGI Inc.",""
"GIL","Gildan Activewear, Inc.",""
"GILD","Gilead Sciences, Inc.",""
"GILT","Gilat Satellite Networks Ltd.",""
"GIM","Templeton Global Income Fund, Inc.",""
"GYRO","Gyrodyne , LLC",""
"GIS","General Mills, Inc.",""
"GL","Globe Life Inc.",""
"GLAD","Gladstone Capital Corporation",""
"GLYC","GlycoMimetics, Inc.",""
"GLOB","Globant S.A.",""
"GLOP","GasLog Partners LP",""
"GLT","Glatfelter",""
"GM","General Motors Company",""
"GNMA","iShares GNMA Bond ETF",""
"GNUS","Genius Brands International, Inc.",""
"GO","Grocery Outlet Holding Corp.",""
"GOGO","Gogo Inc.",""
"GOL","Gol Linhas Aereas Inteligentes S.A.",""
"GOLD","Barrick Gold Corporation",""
"GOLF","Acushnet Holdings Corp.",""
"GOOD","Gladstone Commercial Corporation",""
"GOOG","Alphabet Inc.",""
"GOOS","Canada Goose Holdings Inc.",""
"GOSS","Gossamer Bio, Inc.",""
"GPC","Genuine Parts Company",""
"GPI","Group 1 Automotive, Inc.",""
"GPL","Great Panther Mining Limited",""
"GPM","Guggenheim Enhanced Equity Income Fund",""
"GPS","Gap, Inc. ",""
"GRA","W.R. Grace & Co.",""
"GRAF","Graf Industrial Corp.",""
"GRAM","Grana y Montero S.A.A.",""
"GRF","Eagle Capital Growth Fund, Inc.",""
"GRID","First Trust NASDAQ Clean Edge Smart Grid Infrastructure Index ",""
"GRIN","Grindrod Shipping Holdings Ltd.",""
"GROW","U.S. Global Investors, Inc.",""
"GRUB","GrubHub Inc.",""
"GRX","The Gabelli Healthcare & Wellness Trust",""
"GS","Goldman Sachs Group, Inc. ",""
"GSAT","Globalstar, Inc.",""
"GT","The Goodyear Tire & Rubber Company",""
"GTE","Gran Tierra Energy Inc.",""
"GTS","Triple-S Management Corporation",""
"GTT","GTT Communications, Inc.",""
"GUT","Gabelli Utility Trust ",""
"GV","Goldfield Corporation (The)",""
"H","Hyatt Hotels Corporation",""
"HA","Hawaiian Holdings, Inc.",""
"HAE","Haemonetics Corporation",""
"HAIN","The Hain Celestial Group, Inc.",""
"HAL","Halliburton Company",""
"HALL","Hallmark Financial Services, Inc.",""
"HALO","Halozyme Therapeutics, Inc.",""
"HAPP","Happiness Biotech Group Limited",""
"HARP","Harpoon Therapeutics, Inc.",""
"HAS","Hasbro, Inc.",""
"HBM","Hudbay Minerals Inc.",""
"HCM","Hutchison China MediTech Limited",""
"HCR","Hi-Crush Inc.",""
"HD","Home Depot, Inc. ",""
"HE","Hawaiian Electric Industries, Inc.",""
"HEAR","Turtle Beach Corporation",""
"HEI","Heico Corporation",""
"HELE","Helen of Troy Limited",""
"HEP","Holly Energy Partners, L.P.",""
"HERD","Pacer Cash Cows Fund of Funds ETF",""
"HERO","Global X Video Games & Esports ETF",""
"HES","Hess Corporation",""
"HGV","Hilton Grand Vacations Inc.",""
"HI","Hillenbrand Inc",""
"HY","Hyster-Yale Materials Handling, Inc.",""
"HIE","Miller/Howard High Income Equity Fund",""
"HL","Hecla Mining Company",""
"HMC","Honda Motor Company, Ltd.",""
"HMI","Huami Corporation",""
"HOG","Harley-Davidson, Inc.",""
"HOLI","Hollysys Automation Technologies, Ltd.",""
"HOME","At Home Group Inc.",""
"HON","Honeywell International Inc.",""
"HONE","HarborOne Bancorp, Inc.",""
"HOOK","HOOKIPA Pharma Inc.",""
"HOPE","Hope Bancorp, Inc.",""
"HP","Helmerich & Payne, Inc.",""
"HR","Healthcare Realty Trust Incorporated",""
"HRI","Herc Holdings Inc.",""
"HRZN","Horizon Technology Finance Corporation",""
"HSC","Harsco Corporation",""
"HST","Host Hotels & Resorts, Inc.",""
"HT","Hersha Hospitality Trust",""
"HUBB","Hubbell Inc",""
"HUBS","HubSpot, Inc.",""
"HUD","Hudson Ltd.",""
"HUGE","FSD Pharma Inc.",""
"HUM","Humana Inc.",""
"HUN","Huntsman Corporation",""
"HWM","Howmet Aerospace Inc.",""
"Y","Alleghany Corporation",""
"IAA","IAA, Inc.",""
"IAF","Aberdeen Australia Equity Fund Inc",""
"IBA","Industrias Bachoco, S.A. de C.V.",""
"IBEX","IBEX Limited",""
"IBM","International Business Machines Corporation",""
"IBN","ICICI Bank Limited",""
"IBO","IBO (Listing Market - NYSE Amex Network B F)",""
"ICCC","ImmuCell Corporation",""
"ICD","Independence Contract Drilling, Inc.",""
"ICE","Intercontinental Exchange Inc.",""
"ICL","ICL Group Ltd.",""
"ICON","Iconix Brand Group, Inc.",""
"IDA","IDACORP, Inc.",""
"IDE","Voya Infrastructure, Industrials and Materials Fund",""
"IDN","Intellicheck, Inc.",""
"IEC","IEC Electronics Corp.",""
"YELP","Yelp Inc.",""
"YETI","YETI Holdings, Inc.",""
"IFF","International Flavors & Fragrances, Inc.",""
"IFS","Intercorp Financial Services Inc.",""
"IHD","Voya Emerging Markets High Income Dividend Equity Fund",""
"YI","111, Inc.",""
"YY","JOYY Inc.",""
"III","Information Services Group, Inc.",""
"IIN","IntriCon Corporation",""
"YIN","Yintech Investment Holdings Limited",""
"IMO","Imperial Oil Limited",""
"INDY","iShares S&P India Nifty 50 Index Fund",""
"INFO","IHS Markit Ltd.",""
"ING","ING Group, N.V.",""
"INN","Summit Hotel Properties, Inc.",""
"INO","Inovio Pharmaceuticals, Inc.",""
"INS","Intelligent Systems Corporation",""
"INSP","Inspire Medical Systems, Inc.",""
"INT","World Fuel Services Corporation",""
"INTL","INTL FCStone Inc.",""
"IO","Ion Geophysical Corporation",""
"IONS","Ionis Pharmaceuticals, Inc.",""
"IOR","Income Opportunity Realty Investors, Inc.",""
"IP","International Paper Company",""
"IPI","Intrepid Potash, Inc",""
"IQ","iQIYI, Inc.",""
"IR","Ingersoll Rand Inc.",""
"IRL","New Ireland Fund, Inc. ",""
"IRM","Iron Mountain Incorporated",""
"IRS","IRSA Inversiones Y Representaciones S.A.",""
"ISEE","IVERIC bio, Inc.",""
"ISR","IsoRay, Inc.",""
"ISRG","Intuitive Surgical, Inc.",""
"IT","Gartner, Inc.",""
"ITT","ITT Inc.",""
"YUM","Yum! Brands, Inc.",""
"IUS","Invesco RAFI Strategic US ETF",""
"IX","Orix Corp Ads",""
"J","Jacobs Engineering Group Inc.",""
"JACK","Jack In The Box Inc.",""
"JAN","JanOne Inc.",""
"JAZZ","Jazz Pharmaceuticals plc",""
"JCS","Communications Systems, Inc.",""
"JD","JD.com, Inc.",""
"JE","Just Energy Group, Inc.",""
"JEF","Jefferies Financial Group Inc.",""
"JFK","8i Enterprises Acquisition Corp",""
"JG","Aurora Mobile Limited",""
"JHS","John Hancock Income Securities Trust",""
"JILL","J. Jill, Inc.",""
"JMP","JMP Group LLC",""
"JOB","GEE Group Inc.",""
"JOBS","51job, Inc.",""
"JOE","St. Joe Company ",""
"JP","Jupai Holdings Limited",""
"JSD","Nuveen Short Duration Credit Opportunities Fund",""
"JT","Jianpu Technology Inc.",""
"K","Kellogg Company",""
"KAI","Kadant Inc",""
"KALA","Kala Pharmaceuticals, Inc.",""
"KB","KB Financial Group Inc",""
"KC","Kingsoft Cloud Holdings Limited",""
"KE","Kimball Electronics, Inc.",""
"KEY","KeyCorp",""
"KEYS","Keysight Technologies Inc.",""
"KEN","Kenon Holdings Ltd.",""
"KEP","Korea Electric Power Corporation",""
"KERN","Akerna Corp.",""
"KEX","Kirby Corporation",""
"KIDS","OrthoPediatrics Corp.",""
"KIM","Kimco Realty Corporation",""
"KIN","Kindred Biosciences, Inc.",""
"KINS","Kingstone Companies, Inc",""
"KIRK","Kirkland&#39;s, Inc.",""
"KL","Kirkland Lake Gold Ltd.",""
"KN","Knowles Corporation",""
"KNOP","KNOT Offshore Partners LP",""
"KO","Coca-Cola Company ",""
"KOP","Koppers Holdings Inc.",""
"KOS","Kosmos Energy Ltd.",""
"KOSS","Koss Corporation",""
"KR","Kroger Company ",""
"KRA","Kraton Corporation",""
"KRYS","Krystal Biotech, Inc.",""
"KRP","Kimbell Royalty Partners",""
"KSU","Kansas City Southern",""
"KT","KT Corporation",""
"KTB","Kontoor Brands, Inc.",""
"KURA","Kura Oncology, Inc.",""
"KW","Kennedy-Wilson Holdings Inc.",""
"L","Loews Corporation",""
"LAC","Lithium Americas Corp.",""
"LAD","Lithia Motors, Inc.",""
"LAKE","Lakeland Industries, Inc.",""
"LAND","Gladstone Land Corporation",""
"LARK","Landmark Bancorp Inc.",""
"LAUR","Laureate Education, Inc.",""
"LAWS","Lawson Products, Inc.",""
"LAZ","Lazard Ltd.",""
"LAZY","Lazydays Holdings, Inc.",""
"LB","L Brands, Inc.",""
"LC","LendingClub Corporation",""
"LCA","Landcadia Holdings II, Inc.",""
"LCI","Lannett Co Inc",""
"LDL","Lydall, Inc.",""
"LDP","Cohen & Steers Limited Duration Preferred and Income Fund, Inc",""
"LE","Lands&#39; End, Inc.",""
"LEA","Lear Corporation",""
"LEAF","Leaf Group Ltd.",""
"LEDS","SemiLEDS Corporation",""
"LEE","Lee Enterprises, Incorporated",""
"LEG","Leggett & Platt, Incorporated",""
"LEN","Lennar Corporation",""
"LEO","BNY Mellon Strategic Municipals, Inc.",""
"LEU","Centrus Energy Corp.",""
"LEVI","Levi Strauss & Co",""
"LH","Laboratory Corporation of America Holdings",""
"LIFE","aTyr Pharma, Inc.",""
"LILA","Liberty Latin America Ltd.",""
"LIN","Linde plc",""
"LINC","Lincoln Educational Services Corporation",""
"LIND","Lindblad Expeditions Holdings Inc. ",""
"LYRA","Lyra Therapeutics, Inc.",""
"LITB","LightInTheBox Holding Co., Ltd.",""
"LITE","Lumentum Holdings Inc.",""
"LIVE","Live Ventures Incorporated",""
"LL","Lumber Liquidators Holdings, Inc",""
"LM","Legg Mason, Inc.",""
"LMT","Lockheed Martin Corporation",""
"LN","LINE Corporation",""
"LNG","Cheniere Energy, Inc.",""
"LOAN","Manhattan Bridge Capital, Inc",""
"LOB","Live Oak Bancshares, Inc.",""
"LOCO","El Pollo Loco Holdings, Inc.",""
"LODE","Comstock Mining, Inc.",""
"LOGI","Logitech International S.A.",""
"LOMA","Loma Negra Compania Industrial Argentina Sociedad Anonima",""
"LONE","Lonestar Resources US Inc.",""
"LOOP","Loop Industries, Inc.",""
"LOPE","Grand Canyon Education, Inc.",""
"LOVE","The Lovesac Company",""
"LOW","Lowe&#39;s Companies, Inc.",""
"LPG","Dorian LPG Ltd.",""
"LPL","LG Display Co., Ltd.",""
"LSI","Life Storage, Inc.",""
"LTC","LTC Properties, Inc.",""
"LUB","Luby&#39;s, Inc.",""
"LULU","lululemon athletica inc.",""
"LUNA","Luna Innovations Incorporated",""
"LUNG","ProLung, Inc.",""
"LUV","Southwest Airlines Company",""
"LW","Lamb Weston Holdings, Inc.",""
"LX","LexinFintech Holdings Ltd.",""
"M","Macy&#39;s Inc",""
"MA","Mastercard Incorporated",""
"MAA","Mid-America Apartment Communities, Inc.",""
"MAC","Macerich Company ",""
"MACK","Merrimack Pharmaceuticals, Inc.",""
"MAG","MAG Silver Corporation",""
"MAGS","Magal Security Systems Ltd.",""
"MAIN","Main Street Capital Corporation",""
"MAYS","J. W. Mays, Inc.",""
"MAN","ManpowerGroup",""
"MANT","ManTech International Corporation",""
"MANU","Manchester United Ltd.",""
"MAR","Marriott International",""
"MARA","Marathon Patent Group, Inc.",""
"MARK","Remark Holdings, Inc.",""
"MAS","Masco Corporation",""
"MAT","Mattel, Inc.",""
"MC","Moelis & Company",""
"MCA","Blackrock MuniYield California Insured Fund, Inc.",""
"MCC","Medley Capital Corporation",""
"MCF","Contango Oil & Gas Company",""
"MCI","Barings Corporate Investors",""
"MCN","Madison Covered Call & Equity Strategy Fund",""
"MCR","MFS Charter Income Trust",""
"MCS","Marcus Corporation ",""
"MD","Mednax, Inc",""
"MDC","M.D.C. Holdings, Inc.",""
"MDIV","First Trust Multi-Asset Diversified Income Index Fund",""
"MDT","Medtronic plc",""
"MDU","MDU Resources Group, Inc.",""
"MEC","Mayville Engineering Company, Inc.",""
"MED","MEDIFAST INC",""
"MEET","The Meet Group, Inc.",""
"MEI","Methode Electronics, Inc.",""
"MELI","MercadoLibre, Inc.",""
"MEN","Blackrock MuniEnhanced Fund, Inc.",""
"MERC","Mercer International Inc.",""
"MESA","Mesa Air Group, Inc.",""
"MESO","Mesoblast Limited",""
"MET","MetLife, Inc.",""
"MFA","MFA Financial, Inc.",""
"MFD","Macquarie First Trust Global",""
"MFG","Mizuho Financial Group, Inc.",""
"MFH","Mercurity Fintech Holding Inc.",""
"MFM","MFS Municipal Income Trust",""
"MFT","Blackrock MuniYield Investment QualityFund",""
"MG","Mistras Group Inc",""
"MGM","MGM Resorts International",""
"MGR","Affiliated Managers Group, Inc.",""
"MHD","Blackrock MuniHoldings Fund, Inc.",""
"MHE","BlackRock Massachusetts Tax-Exempt Trust",""
"MHF","Western Asset Municipal High Income Fund, Inc.",""
"MHO","M/I Homes, Inc.",""
"MIC","Macquarie Infrastructure Corporation ",""
"MYC","Blackrock MuniYield California Fund, Inc.",""
"MIE","Cohen & Steers MLP Income and Energy Opportunity Fund, Inc.",""
"MIME","Mimecast Limited",""
"MIN","MFS Intermediate Income Trust",""
"MIND","Mitcham Industries, Inc.",""
"MINI","Mobile Mini, Inc.",""
"MYO","Myomo Inc.",""
"MIST","Milestone Pharmaceuticals Inc.",""
"MITT","AG Mortgage Investment Trust, Inc.",""
"MIXT","MiX Telematics Limited",""
"MLI","Mueller Industries, Inc.",""
"MLR","Miller Industries, Inc.",""
"MMC","Marsh & McLennan Companies, Inc.",""
"MMM","3M Company",""
"MMP","Magellan Midstream Partners L.P.",""
"MMS","Maximus, Inc.",""
"MMT","MFS Multimarket Income Trust",""
"MMU","Western Asset Managed Municipals Fund, Inc.",""
"MMX","Maverix Metals Inc.",""
"MN","Manning & Napier, Inc.",""
"MNE","Blackrock Muni New York Intermediate Duration Fund Inc",""
"MNP","Western Asset Municipal Partners Fund, Inc.",""
"MO","Altria Group",""
"MOD","Modine Manufacturing Company",""
"MOGO","Mogo Inc.",""
"MOH","Molina Healthcare Inc",""
"MOHO","ECMOHO Limited",""
"MOMO","Momo Inc.",""
"MOR","MorphoSys AG",""
"MORN","Morningstar, Inc.",""
"MOS","Mosaic Company ",""
"MOTA","Mota Group, Inc.",""
"MOTS","Motus GI Holdings, Inc.",""
"MOV","Movado Group Inc.",""
"MPA","Blackrock MuniYield Pennsylvania Quality Fund",""
"MPB","Mid Penn Bancorp",""
"MPC","Marathon Petroleum Corporation",""
"MPV","Barings Participation Investors",""
"MPW","Medical Properties Trust, Inc.",""
"MR","Montage Resources Corporation",""
"MRC","MRC Global Inc.",""
"MRNA","Moderna, Inc.",""
"MS","Morgan Stanley",""
"MSA","MSA Safety Incorporporated",""
"MSB","Mesabi Trust",""
"MSC","Studio City International Holdings Limited",""
"MSD","Morgan Stanley Emerging Markets Debt Fund, Inc.",""
"MSI","Motorola Solutions, Inc.",""
"MSM","MSC Industrial Direct Company, Inc.",""
"MSN","Emerson Radio Corporation",""
"MT","ArcelorMittal",""
"MTA","Metalla Royalty & Streaming Ltd.",""
"MTB","M&T Bank Corporation",""
"MTC","MMTec, Inc.",""
"MTD","Mettler-Toledo International, Inc.",""
"MTG","MGIC Investment Corporation",""
"MTH","Meritage Corporation",""
"MTN","Vail Resorts, Inc.",""
"MTP","Midatech Pharma PLC",""
"MTR","Mesa Royalty Trust",""
"MTX","Minerals Technologies Inc.",""
"MU","Micron Technology, Inc.",""
"MUA","Blackrock MuniAssets Fund, Inc.",""
"MUR","Murphy Oil Corporation",""
"MUS","Blackrock MuniHoldings Quality Fund, Inc.",""
"MUSA","Murphy USA Inc.",""
"MUX","McEwen Mining Inc.",""
"MVO","MV Oil Trust",""
"MWA","Mueller Water Products Inc",""
"MX","MagnaChip Semiconductor Corporation",""
"NAC","Nuveen California Quality Municipal Income Fund",""
"NAD","Nuveen Quality Municipal Income Fund",""
"NAK","Northern Dynasty Minerals, Ltd.",""
"NAN","Nuveen New York Quality Municipal Income Fund",""
"NARI","Inari Medical, Inc.",""
"NAT","Nordic American Tankers Limited",""
"NATH","Nathan&#39;s Famous, Inc.",""
"NATR","Nature&#39;s Sunshine Products, Inc.",""
"NAV","Navistar International Corporation",""
"NAVI","Navient Corporation",""
"NBO","Neuberger Berman New York Municipal Fund Inc.",""
"NBW","Neuberger Berman California Municipal Fund Inc",""
"NC","NACCO Industries, Inc.",""
"NCA","Nuveen California Municipal Value Fund, Inc.",""
"NCB","Nuveen California Municipal Value Fund 2",""
"NCR","NCR Corporation",""
"NCV","AllianzGI Convertible & Income Fund",""
"NDP","Tortoise Energy Independence Fund, Inc.",""
"NE","Noble Corporation",""
"NEA","Nuveen AMT-Free Quality Municipal Income Fund",""
"NEE","NextEra Energy, Inc.",""
"NEO","NeoGenomics, Inc.",""
"NEON","Neonode Inc.",""
"NEP","NextEra Energy Partners, LP",""
"NEPH","Nephros, Inc.",""
"NES","Nuverra Environmental Solutions, Inc.",""
"NET","Cloudflare, Inc.",""
"NETE","Net Element, Inc.",""
"NEU","NewMarket Corporation",""
"NEV","Nuveen Enhanced Municipal Value Fund",""
"NEW","Puxin Limited",""
"NEWT","Newtek Business Services Corp.",""
"NEXT","NextDecade Corporation",""
"NG","Novagold Resources Inc.",""
"NH","NantHealth, Inc.",""
"NHA","Nuveen Municipal 2021 Target Term Fund",""
"NHI","National Health Investors, Inc.",""
"NHS","Neuberger Berman High Yield Strategies Fund",""
"NI","NiSource, Inc",""
"NICE","NICE Ltd",""
"NICK","Nicholas Financial, Inc.",""
"NID","Nuveen Intermediate Duration Municipal Term Fund",""
"NIM","Nuveen Select Maturities Municipal Fund",""
"NINE","Nine Energy Service, Inc.",""
"NIU","Niu Technologies",""
"NL","NL Industries, Inc.",""
"NLS","Nautilus Group, Inc. ",""
"NM","Navios Maritime Holdings Inc.",""
"NMI","Nuveen Municipal Income Fund, Inc.",""
"NMR","Nomura Holdings Inc ADR",""
"NMS","Nuveen Minnesota Quality Municipal Income Fund",""
"NOA","North American Construction Group Ltd.",""
"NOAH","Noah Holdings Ltd.",""
"NOC","Northrop Grumman Corporation",""
"NOG","Northern Oil and Gas, Inc.",""
"NOM","Nuveen Missouri Quality Municipal Income Fund",""
"NOV","National Oilwell Varco, Inc.",""
"NOVA","Sunnova Energy International Inc.",""
"NOW","ServiceNow, Inc.",""
"NP","Neenah, Inc.",""
"NPA","New Providence Acquisition Corp.",""
"NPN","Nuveen Pennsylvania Municipal Value Fund",""
"NPV","Nuveen Virginia Quality Municipal Income Fund",""
"NR","Newpark Resources, Inc.",""
"NRC","National Research Corporation",""
"NRO","Neuberger Berman Real Estate Securities Income Fund, Inc.",""
"NRZ","New Residential Investment Corp.",""
"NS","Nustar Energy L.P.",""
"NSA","National Storage Affiliates Trust",""
"NSC","Norfolk Southern Corporation",""
"NSEC","National Security Group, Inc.",""
"NSP","Insperity, Inc.",""
"NTEC","Intec Pharma Ltd.",""
"NTN","NTN Buzztime, Inc.",""
"NTP","Nam Tai Property Inc.",""
"NTR","Nutrien Ltd.",""
"NUM","Nuveen Michigan Quality Municipal Income Fund",""
"NUS","Nu Skin Enterprises, Inc.",""
"NWS","News Corporation",""
"O","Realty Income Corporation",""
"OAS","Oasis Petroleum Inc.",""
"OC","Owens Corning Inc",""
"OCC","Optical Cable Corporation",""
"ODT","Odonate Therapeutics, Inc.",""
"OFS","OFS Capital Corporation",""
"OGI","Organigram Holdings Inc.",""
"OII","Oceaneering International, Inc.",""
"OKE","ONEOK, Inc.",""
"OKTA","Okta, Inc.",""
"OLD","The Long-Term Care ETF",""
"OLLI","Ollie&#39;s Bargain Outlet Holdings, Inc.",""
"OLP","One Liberty Properties, Inc.",""
"OMER","Omeros Corporation",""
"ON","ON Semiconductor Corporation",""
"ONE","OneSmart International Education Group Limited",""
"ONTO","Onto Innovation Inc.",""
"OPES","Opes Acquisition Corp.",""
"OPP","RiverNorth/DoubleLine Strategic Opportunity Fund, Inc.",""
"OR","Osisko Gold Royalties Ltd.",""
"ORA","Ormat Technologies, Inc.",""
"ORAN","Orange",""
"ORC","Orchid Island Capital, Inc.",""
"ORI","Old Republic International Corporation",""
"ORLY","O&#39;Reilly Automotive, Inc.",""
"OSB","Norbord Inc.",""
"OSIS","OSI Systems, Inc.",""
"OSN","Ossen Innovation Co., Ltd.",""
"OSS","One Stop Systems, Inc.",""
"OTIC","Otonomy, Inc.",""
"OTIS","Otis Worldwide Corporation",""
"OUT","OUTFRONT Media Inc.",""
"OVID","Ovid Therapeutics Inc.",""
"OXY","Occidental Petroleum Corporation",""
"PAAS","Pan American Silver Corp.",""
"PAC","Grupo Aeroportuario Del Pacifico, S.A. de C.V.",""
"PACK","Ranpak Holdings Corp",""
"PAG","Penske Automotive Group, Inc.",""
"PAYS","Paysign, Inc.",""
"PAM","Pampa Energia S.A.",""
"PAR","PAR Technology Corporation",""
"PARR","Par Pacific Holdings, Inc.",""
"PB","Prosperity Bancshares, Inc.",""
"PBC","Prospect Capital Corporation",""
"PBT","Permian Basin Royalty Trust",""
"PCB","PCB Bancorp",""
"PCF","High Income Securities Fund",""
"PCH","PotlatchDeltic Corporation",""
"PCI","PIMCO Dynamic Credit and Mortgage Income Fund",""
"PCM","PIMCO Commercial Mortgage Securities Trust, Inc.",""
"PCN","Pimco Corporate & Income Stategy Fund",""
"PD","PagerDuty, Inc.",""
"PDI","PIMCO Dynamic Income Fund",""
"PDP","Invesco DWA Momentum ETF",""
"PDS","Precision Drilling Corporation",""
"PDT","John Hancock Premium Dividend Fund",""
"PE","Parsley Energy, Inc.",""
"PEAK","Healthpeak Properties, Inc.",""
"PECK","The Peck Company Holdings, Inc.",""
"PED","Pedevco Corp.",""
"PEER","PeerStream, Inc.",""
"PEG","Public Service Enterprise Group Incorporated",""
"PEGA","Pegasystems Inc.",""
"PEI","Pennsylvania Real Estate Investment Trust",""
"PEN","Penumbra, Inc.",""
"PENN","Penn National Gaming, Inc.",""
"PEP","Pepsico, Inc.",""
"PER","SandRidge Permian Trust",""
"PERI","Perion Network Ltd",""
"PETS","PetMed Express, Inc.",""
"PFD","Flaherty & Crumrine Preferred and Income Fund Inco",""
"PFG","Principal Financial Group Inc",""
"PG","Procter & Gamble Company ",""
"PH","Parker-Hannifin Corporation",""
"PHAT","Phathom Pharmaceuticals, Inc.",""
"PHD","Pioneer Floating Rate Trust",""
"PHI","PLDT Inc.",""
"PHIO","Phio Pharmaceuticals Corp.",""
"PHM","PulteGroup, Inc.",""
"PHO","Invesco Water Resources ETF",""
"PHR","Phreesia, Inc.",""
"PHT","Pioneer High Income Trust",""
"PI","Impinj, Inc.",""
"PY","Principal Shareholder Yield Index ETF",""
"PIC","Pivotal Investment Corporation II",""
"PICO","PICO Holdings Inc.",""
"PID","Invesco International Dividend Achievers ETF",""
"PIE","Invesco DWA Emerging Markets Momentum ETF",""
"PIM","Putnam Master Intermediate Income Trust",""
"PINE","Alpine Income Property Trust, Inc.",""
"PING","Ping Identity Holding Corp.",""
"PINS","Pinterest, Inc.",""
"PIO","Invesco Global Water ETF",""
"PYX","Pyxus International, Inc.",""
"PIXY","ShiftPixy, Inc.",""
"PK","Park Hotels & Resorts Inc.",""
"PKG","Packaging Corporation of America",""
"PLAY","Dave & Buster&#39;s Entertainment, Inc.",""
"PLAN","Anaplan, Inc.",""
"PLC","Principal U.S. Large-Cap Multi-Factor Core Index ETF",""
"PLD","Prologis, Inc.",""
"PLL","Piedmont Lithium Limited",""
"PLM","Polymet Mining Corp.",""
"PLOW","Douglas Dynamics, Inc.",""
"PLT","Plantronics, Inc.",""
"PLUG","Plug Power, Inc.",""
"PLUS","ePlus inc.",""
"PM","Philip Morris International Inc",""
"PMO","Putnam Municipal Opportunities Trust",""
"PMT","PennyMac Mortgage Investment Trust",""
"PMX","PIMCO Municipal Income Fund III",""
"POL","PolyOne Corporation",""
"POLA","Polar Power, Inc.",""
"POOL","Pool Corporation",""
"POR","Portland General Electric Company",""
"POST","Post Holdings, Inc.",""
"PPC","Pilgrim&#39;s Pride Corporation",""
"PPD","PPD, Inc.",""
"PPH","VanEck Vectors Pharmaceutical ETF",""
"PPL","PPL Corporation",""
"PPR","Voya Prime Rate Trust",""
"PPT","Putnam Premier Income Trust",""
"PRA","ProAssurance Corporation",""
"PRI","Primerica, Inc.",""
"PRIM","Primoris Services Corporation",""
"PRN","Invesco DWA Industrials Momentum ETF",""
"PRO","PROS Holdings, Inc.",""
"PROF","Profound Medical Corp.",""
"PROS","ProSight Global, Inc.",""
"PROV","Provident Financial Holdings, Inc.",""
"PRS","Prudential Financial, Inc.",""
"PRU","Prudential Financial, Inc.",""
"PS","Pluralsight, Inc.",""
"PSA","Public Storage",""
"PSC","Principal U.S. Small-Cap Multi-Factor Index ETF",""
"PSEC","Prospect Capital Corporation",""
"PSF","Cohen & Steers Select Preferred and Income Fund, Inc.",""
"PSL","Invesco DWA Consumer Staples Momentum ETF",""
"PSM","Principal U.S. Small-MidCap Multi-Factor Core Index ETF",""
"PSN","Parsons Corporation",""
"PSO","Pearson, Plc",""
"PSV","Hermitage Offshore Services Ltd.",""
"PT","Pintec Technology Holdings Limited",""
"PTE","PolarityTE, Inc.",""
"PTI","Proteostasis Therapeutics, Inc.",""
"PTY","Pimco Corporate & Income Opportunity Fund",""
"PTN","Palatin Technologies, Inc.",""
"PUB","People&#39;s Utah Bancorp",""
"PUMP","ProPetro Holding Corp.",""
"PW","Power REIT",""
"PWR","Quanta Services, Inc.",""
"QAT","iShares MSCI Qatar ETF",""
"QD","Qudian Inc.",""
"QTS","QTS Realty Trust, Inc.",""
"QUAD","Quad Graphics, Inc",""
"QUOT","Quotient Technology Inc.",""
"R","Ryder System, Inc.",""
"RA","Brookfield Real Assets Income Fund Inc.",""
"RACE","Ferrari N.V.",""
"RAD","Rite Aid Corporation",""
"RADA","RADA Electronic Industries Ltd.",""
"RAIL","Freightcar America, Inc.",""
"RAMP","LiveRamp Holdings, Inc.",""
"RAND","Rand Capital Corporation",""
"RAPT","RAPT Therapeutics, Inc.",""
"RARE","Ultragenyx Pharmaceutical Inc.",""
"RAVE","Rave Restaurant Group, Inc.",""
"RBC","Regal Beloit Corporation",""
"RC","Ready Capital Corporation",""
"RCA","Ready Capital Corporation",""
"RCB","Ready Capital Corporation",""
"RCI","Rogers Communication, Inc.",""
"RCL","Royal Caribbean Cruises Ltd.",""
"RCM","R1 RCM Inc.",""
"RCP","Ready Capital Corporation",""
"RCS","PIMCO Strategic Income Fund, Inc.",""
"RE","Everest Re Group, Ltd.",""
"REAL","The RealReal, Inc.",""
"REED","Reeds, Inc.",""
"REFR","Research Frontiers Incorporated",""
"REG","Regency Centers Corporation",""
"REI","Ring Energy, Inc.",""
"RENN","Renren Inc.",""
"REPL","Replimune Group, Inc.",""
"RES","RPC, Inc.",""
"RETA","Reata Pharmaceuticals, Inc.",""
"REV","Revlon, Inc.",""
"REX","REX American Resources Corporation",""
"RF","Regions Financial Corporation",""
"RFI","Cohen & Steers Total Return Realty Fund, Inc.",""
"RFP","Resolute Forest Products Inc.",""
"RGEN","Repligen Corporation",""
"RGP","Resources Connection, Inc.",""
"RGS","Regis Corporation",""
"RGT","Royce Global Value Trust, Inc.",""
"RH","RH",""
"RHE","Regional Health Properties, Inc.",""
"RY","Royal Bank Of Canada",""
"RICK","RCI Hospitality Holdings, Inc.",""
"RIF","RMR Real Estate Income Fund",""
"RIG","Transocean Ltd.",""
"RING","iShares MSCI Global Gold Miners ETF",""
"RIO","Rio Tinto Plc",""
"RIOT","Riot Blockchain, Inc",""
"RIV","RiverNorth Opportunities Fund, Inc.",""
"RIVE","Riverview Financial Corporation",""
"RL","Ralph Lauren Corporation",""
"RM","Regional Management Corp.",""
"RMI","RiverNorth Opportunistic Municipal Income Fund, Inc.",""
"RMM","RiverNorth Managed Duration Municipal Income Fund, Inc.",""
"RMR","The RMR Group Inc.",""
"RNA","Avidity Biosciences, Inc.",""
"RNR","RenaissanceRe Holdings Ltd.",""
"ROAD","Construction Partners, Inc.",""
"ROCH","Roth CH Acquisition I Co.",""
"ROCK","Gibraltar Industries, Inc.",""
"ROG","Rogers Corporation",""
"ROYT","Pacific Coast Oil Trust",""
"ROK","Rockwell Automation, Inc.",""
"ROLL","RBC Bearings Incorporated",""
"ROP","Roper Technologies, Inc.",""
"ROSE","Rosehill Resources Inc.",""
"ROST","Ross Stores, Inc.",""
"RP","RealPage, Inc.",""
"RPM","RPM International Inc.",""
"RPT","RPT Realty",""
"RRC","Range Resources Corporation",""
"RS","Reliance Steel & Aluminum Co.",""
"RTW","RTW Retailwinds, Inc.",""
"RUBI","The Rubicon Project, Inc.",""
"RUBY","Rubius Therapeutics, Inc.",""
"RUN","Sunrun Inc.",""
"RUTH","Ruth&#39;s Hospitality Group, Inc.",""
"SA","Seabridge Gold, Inc.",""
"SAFE","Safehold Inc.",""
"SAFT","Safety Insurance Group, Inc.",""
"SAGE","Sage Therapeutics, Inc.",""
"SAH","Sonic Automotive, Inc.",""
"SAIC","SCIENCE APPLICATIONS INTERNATIONAL CORPORATION",""
"SAIL","SailPoint Technologies Holdings, Inc.",""
"SAL","Salisbury Bancorp, Inc.",""
"SALM","Salem Media Group, Inc.",""
"SALT","Scorpio Bulkers Inc.",""
"SAM","Boston Beer Company, Inc. ",""
"SAMA","Schultze Special Purpose Acquisition Corp.",""
"SAMAU","Schultze Special Purpose Acquisition Corp.",""
"SAN","Banco Santander, S.A.",""
"SAP","SAP SE",""
"SAR","Saratoga Investment Corp",""
"SAVA","Cassava Sciences, Inc.",""
"SAVE","Spirit Airlines, Inc.",""
"SB","Safe Bulkers, Inc",""
"SBE","Switchback Energy Acquisition Corporation",""
"SBS","Companhia de saneamento Basico Do Estado De Sao Paulo - Sabesp",""
"SC","Santander Consumer USA Holdings Inc.",""
"SCA","Stellus Capital Investment Corporation",""
"SCD","LMP Capital and Income Fund Inc.",""
"SCI","Service Corporation International",""
"SCM","Stellus Capital Investment Corporation",""
"SCS","Steelcase Inc.",""
"SCU","Sculptor Capital Management, Inc.",""
"SCX","L.S. Starrett Company ",""
"SD","SandRidge Energy, Inc.",""
"SDI","Standard Diversified Inc.",""
"SE","Sea Limited",""
"SEAS","SeaWorld Entertainment, Inc.",""
"SECO","Secoo Holding Limited",""
"SEE","Sealed Air Corporation",""
"SEED","Origin Agritech Limited",""
"SEEL","Seelos Therapeutics, Inc.",""
"SELF","Global Self Storage, Inc.",""
"SEM","Select Medical Holdings Corporation",""
"SERV","ServiceMaster Global Holdings, Inc.",""
"SF","Stifel Financial Corporation",""
"SFM","Sprouts Farmers Market, Inc.",""
"SG","Sirius International Insurance Group, Ltd.",""
"SHAK","Shake Shack, Inc.",""
"SHEN","Shenandoah Telecommunications Co",""
"SHI","SINOPEC Shangai Petrochemical Company, Ltd.",""
"SHY","iShares 1-3 Year Treasury Bond ETF",""
"SHIP","Seanergy Maritime Holdings Corp",""
"SHO","Sunstone Hotel Investors, Inc.",""
"SHOO","Steven Madden, Ltd.",""
"SHOP","Shopify Inc.",""
"SI","Silvergate Capital Corporation",""
"SY","So-Young International Inc.",""
"SIC","Select Interior Concepts, Inc.",""
"SID","National Steel Company",""
"SIF","SIFCO Industries, Inc.",""
"SIG","Signet Jewelers Limited",""
"SYKE","Sykes Enterprises, Incorporated",""
"SILK","Silk Road Medical, Inc.",""
"SIM","Grupo Simec, S.A. de C.V.",""
"SYN","Synthetic Biologics, Inc",""
"SINA","Sina Corporation",""
"SYNC","Synacor, Inc.",""
"SITE","SiteOne Landscape Supply, Inc.",""
"SIX","Six Flags Entertainment Corporation New",""
"SJ","Scienjoy Holding Corporation",""
"SKY","Skyline Champion Corporation",""
"SKYS","Sky Solar Holdings, Ltd.",""
"SKT","Tanger Factory Outlet Centers, Inc.",""
"SLAB","Silicon Laboratories, Inc.",""
"SLP","Simulations Plus, Inc.",""
"SLS","SELLAS Life Sciences Group, Inc. ",""
"SM","SM Energy Company",""
"SMG","Scotts Miracle-Gro Company ",""
"SMIT","Schmitt Industries, Inc.",""
"SMM","Salient Midstream & MLP Fund",""
"SMP","Standard Motor Products, Inc.",""
"SNA","Snap-On Incorporated",""
"SNAP","Snap Inc.",""
"SNY","Sanofi",""
"SNMP","Sanchez Midstream Partners LP",""
"SNP","China Petroleum & Chemical Corporation",""
"SNR","New Senior Investment Group Inc.",""
"SNUG","Merlyn.AI Tactical Growth & Income ETF",""
"SO","Southern Company ",""
"SOHO","Sotherly Hotels Inc.",""
"SOJA","Southern Company ",""
"SOL","Renesola Ltd.",""
"SOLN","Southern Company ",""
"SOLO","Electrameccanica Vehicles Corp. Ltd.",""
"SON","Sonoco Products Company",""
"SOR","Source Capital, Inc.",""
"SP","SP Plus Corporation",""
"SPE","Special Opportunities Fund Inc.",""
"SPI","SPI Energy Co., Ltd.",""
"SPOT","Spotify Technology S.A.",""
"SPR","Spirit Aerosystems Holdings, Inc.",""
"SPT","Sprout Social, Inc",""
"SQ","Square, Inc.",""
"SR","Spire Inc.",""
"SRAC","Stable Road Acquisition Corp.",""
"SRC","Spirit Realty Capital, Inc.",""
"SRI","Stoneridge, Inc.",""
"SRTS","Sensus Healthcare, Inc.",""
"SSB","South State Corporation",""
"SSD","Simpson Manufacturing Company, Inc.",""
"SSP","E.W. Scripps Company (The)",""
"ST","Sensata Technologies Holding plc",""
"STAG","Stag Industrial, Inc.",""
"STAY","Extended Stay America, Inc.",""
"STC","Stewart Information Services Corporation",""
"STE","STERIS plc",""
"STG","Sunlands Technology Group",""
"STIM","Neuronetics, Inc.",""
"STK","Columbia Seligman Premium Technology Growth Fund, Inc",""
"STL","Sterling Bancorp",""
"STM","STMicroelectronics N.V.",""
"STN","Stantec Inc",""
"STOR","STORE Capital Corporation",""
"STRA","Strategic Education, Inc.",""
"SU","Suncor Energy  Inc.",""
"SUI","Sun Communities, Inc.",""
"SUM","Summit Materials, Inc.",""
"SUN","Sunoco LP",""
"SUNS","Solar Senior Capital Ltd.",""
"SUP","Superior Industries International, Inc.",""
"SURF","Surface Oncology, Inc.",""
"SUZ","Suzano S.A.",""
"SVC","Service Properties Trust",""
"SWM","Schweitzer-Mauduit International, Inc.",""
"T","AT&T Inc.",""
"TA","TravelCenters of America Inc. ",""
"TAC","TransAlta Corporation",""
"TACO","Del Taco Restaurants, Inc.",""
"TACT","TransAct Technologies Incorporated",""
"TAIT","Taitron Components Incorporated",""
"TAK","Takeda Pharmaceutical Company Limited",""
"TAL","TAL Education Group",""
"TANH","Tantech Holdings Ltd.",""
"TAP","Molson Coors Beverage Company",""
"TARA","Protara Therapeutics, Inc. ",""
"TARO","Taro Pharmaceutical Industries Ltd.",""
"TAT","Transatlantic Petroleum Ltd",""
"TBI","TrueBlue, Inc.",""
"TC","TuanChe Limited",""
"TCP","TC PipeLines, LP",""
"TCS","Container Store ",""
"TD","Toronto Dominion Bank ",""
"TDC","Teradata Corporation",""
"TDE","Telephone and Data Systems, Inc.",""
"TDI","Telephone and Data Systems, Inc.",""
"TDY","Teledyne Technologies Incorporated",""
"TEAM","Atlassian Corporation Plc",""
"TECH","Bio-Techne Corp",""
"TECK","Teck Resources Ltd",""
"TEF","Telefonica SA",""
"TEL","TE Connectivity Ltd.",""
"TELA","TELA Bio, Inc.",""
"TELL","Tellurian Inc.",""
"TEN","Tenneco Inc.",""
"TER","Teradyne, Inc.",""
"TERP","TerraForm Power, Inc.",""
"TESS","TESSCO Technologies Incorporated",""
"TEX","Terex Corporation",""
"TFC","Truist Financial Corporation",""
"TFX","Teleflex Incorporated",""
"TG","Tredegar Corporation",""
"TGC","Tengasco, Inc.",""
"TGT","Target Corporation",""
"TH","Target Hospitality Corp.",""
"THC","Tenet Healthcare Corporation",""
"THM","International Tower Hill Mines Ltd",""
"THO","Thor Industries, Inc.",""
"TY","Tri Continental Corporation",""
"TYG","Tortoise Energy Infrastructure Corporation",""
"TIGR","UP Fintech Holding Limited",""
"TILE","Interface, Inc.",""
"TK","Teekay Corporation",""
"TLC","Taiwan Liposome Company, Ltd.",""
"TLI","Western Asset Corporate Loan Fund Inc",""
"TM","Toyota Motor Corp Ltd Ord",""
"TMO","Thermo Fisher Scientific Inc",""
"TMP","Tompkins Financial Corporation",""
"TNC","Tennant Company",""
"TOL","Toll Brothers, Inc.",""
"TOPS","TOP Ships Inc.",""
"TORC","resTORbio, Inc.",""
"TOT","Total S.A.",""
"TOUR","Tuniu Corporation",""
"TOWN","Towne Bank",""
"TPC","Tutor Perini Corporation",""
"TPH","TRI Pointe Group, Inc.",""
"TPR","Tapestry, Inc.",""
"TR","Tootsie Roll Industries, Inc.",""
"TREE","LendingTree, Inc.",""
"TRI","Thomson Reuters Corp",""
"TRIB","Trinity Biotech plc",""
"TRIP","TripAdvisor, Inc.",""
"TROW","T. Rowe Price Group, Inc.",""
"TRP","TC Energy Corporation",""
"TRS","TriMas Corporation",""
"TRST","TrustCo Bank Corp NY",""
"TRT","Trio-Tech International",""
"TRUE","TrueCar, Inc.",""
"TS","Tenaris S.A.",""
"TSE","Trinseo S.A.",""
"TSI","TCW Strategic Income Fund, Inc.",""
"TSM","Taiwan Semiconductor Manufacturing Company Ltd.",""
"TT","Trane Technologies plc",""
"TTC","Toro Company ",""
"TTD","The Trade Desk, Inc.",""
"TTP","Tortoise Pipeline & Energy Fund, Inc.",""
"TTTN","UP Fintech China-U.S. Internet Titans ETF",""
"TU","TELUS Corporation",""
"TUP","Tupperware Brands Corporation",""
"TUR","iShares MSCI Turkey ETF",""
"TURN","180 Degree Capital Corp.",""
"TUSK","Mammoth Energy Services, Inc.",""
"TV","Grupo Televisa S.A.",""
"TW","Tradeweb Markets Inc.",""
"TWI","Titan International, Inc.",""
"TWIN","Twin Disc, Incorporated",""
"TWO","Two Harbors Investments Corp",""
"TX","Ternium S.A.",""
"TXT","Textron Inc.",""
"UA","Under Armour, Inc.",""
"UAE","iShares MSCI UAE ETF",""
"UBA","Urstadt Biddle Properties Inc.",""
"UCL","uCloudlink Group Inc.",""
"UDR","UDR, Inc.",""
"UEC","Uranium Energy Corp.",""
"UFO","Procure Space ETF",""
"UFS","Domtar Corporation",""
"UG","United-Guardian, Inc.",""
"UHS","Universal Health Services, Inc.",""
"UI","Ubiquiti Inc.",""
"UIS","Unisys Corporation",""
"UL","Unilever PLC",""
"ULTA","Ulta Beauty, Inc.",""
"UN","Unilever NV",""
"UNB","Union Bankshares, Inc.",""
"UNIT","Uniti Group Inc.",""
"UNMA","Unum Group",""
"UNP","Union Pacific Corporation",""
"UPS","United Parcel Service, Inc.",""
"URI","United Rentals, Inc.",""
"USA","Liberty All-Star Equity Fund",""
"USAC","USA Compression Partners, LP",""
"USB","U.S. Bancorp",""
"USM","United States Cellular Corporation",""
"USMC","Principal U.S. Mega-Cap Multi-Factor Index ETF",""
"USNA","USANA Health Sciences, Inc.",""
"UTI","Universal Technical Institute Inc",""
"V","Visa Inc.",""
"VAC","Marriott Vacations Worldwide Corporation",""
"VAL","Valaris plc",""
"VALE","VALE S.A.",""
"VAR","Varian Medical Systems, Inc.",""
"VC","Visteon Corporation",""
"VEL","Velocity Financial, Inc.",""
"VER","VEREIT Inc.",""
"VERB","Verb Technology Company, Inc.",""
"VERI","Veritone, Inc.",""
"VERY","Vericity, Inc.",""
"VET","Vermilion Energy Inc.",""
"VETS","Pacer Military Times Best Employers ETF",""
"VG","Vonage Holdings Corp.",""
"VGI","Virtus Global Multi-Sector Income Fund",""
"VICI","VICI Properties Inc.",""
"VIE","Viela Bio, Inc.",""
"VIPS","Vipshop Holdings Limited",""
"VIR","Vir Biotechnology, Inc.",""
"VIV","Telefonica Brasil S.A.",""
"VIVE","Viveve Medical, Inc.",""
"VIVO","Meridian Bioscience Inc.",""
"VLT","Invesco High Income Trust II",""
"VMC","Vulcan Materials Company",""
"VMD","Viemed Healthcare, Inc.",""
"VMM","Delaware Investments Minnesota Municipal Income Fund II, Inc.",""
"VOC","VOC Energy Trust",""
"VOD","Vodafone Group Plc",""
"VOLT","Volt Information Sciences, Inc.",""
"VRM","Vroom, Inc.",""
"VRS","Verso Corporation",""
"VSAT","ViaSat, Inc.",""
"VTC","Vanguard Total Corporate Bond ETF",""
"VTR","Ventas, Inc.",""
"W","Wayfair Inc.",""
"WAB","Westinghouse Air Brake Technologies Corporation",""
"WAFD","Washington Federal, Inc.",""
"WAL","Western Alliance Bancorporation",""
"WASH","Washington Trust Bancorp, Inc.",""
"WAT","Waters Corporation",""
"WATT","Energous Corporation",""
"WB","Weibo Corporation",""
"WBS","Webster Financial Corporation",""
"WCC","WESCO International, Inc.",""
"WD","Walker & Dunlop, Inc.",""
"WDC","Western Digital Corporation",""
"WEA","Western Asset Bond Fund",""
"WEI","Weidai Ltd.",""
"WEYS","Weyco Group, Inc.",""
"WELL","Welltower Inc.",""
"WEN","Wendy&#39;s Company (The)",""
"WES","Western Midstream Partners, LP",""
"WF","Woori Bank",""
"WH","Wyndham Hotels & Resorts, Inc.",""
"WHF","WhiteHorse Finance, Inc.",""
"WHR","Whirlpool Corporation",""
"WY","Weyerhaeuser Company",""
"WINA","Winmark Corporation",""
"WYND","Wyndham Destinations, Inc.",""
"WING","Wingstop Inc.",""
"WYNN","Wynn Resorts, Limited",""
"WINS","Wins Finance Holdings Inc.",""
"WINT","Windtree Therapeutics, Inc.",""
"WIRE","Encore Wire Corporation",""
"WIT","Wipro Limited",""
"WK","Workiva Inc.",""
"WM","Waste Management, Inc.",""
"WMC","Western Asset Mortgage Capital Corporation",""
"WMK","Weis Markets, Inc.",""
"WOOD","iShares S&P Global Timber & Forestry Index Fund",""
"WORK","Slack Technologies, Inc.",""
"WOW","WideOpenWest, Inc.",""
"WPC","W. P. Carey Inc.",""
"WPM","Wheaton Precious Metals Corp.",""
"WU","Western Union Company ",""
"WW","WW International, Inc. ",""
"X","United States Steel Corporation",""
"XP","XP Inc.",""
"XRAY","DENTSPLY SIRONA Inc.",""
"XT","iShares Exponential Technologies ETF",""
"XXII","22nd Century Group, Inc",""
"Z","Zillow Group, Inc.",""
"ZEAL","Zealand Pharma A/S",""
"ZEN","Zendesk, Inc.",""
"ZEUS","Olympic Steel, Inc.",""
"ZG","Zillow Group, Inc.",""
"ZI","ZoomInfo Technologies Inc.",""
"ZYME","Zymeworks Inc.",""
"ZION","Zions Bancorporation N.A.",""
"ZIV","Credit Suisse AG",""
"ZN","Zion Oil ",""
"ZS","Zscaler, Inc.",""
